COMPANY LIST,URL TERM
,
China Construction Bank,china-construction-bank
Agricultural Bank of China,agricultural-bank-of-china
JPMorgan Chase,jpmorgan-chase
Berkshire Hathaway,berkshire-hathaway
Exxon Mobil,exxon-mobil
General Electric,general-electric
Wells Fargo,wells-fargo
Bank of China,bank-of-china
PetroChina,petrochina
Royal Dutch Shell,royal-dutch-shell
Toyota Motor,toyota-motor
Bank of America,bank-of-america
HSBC Holdings,hsbc-holdings
Apple,apple
Citigroup,citigroup
BP,bp
Chevron,chevron
Volkswagen Group,volkswagen-group
Wal-Mart Stores,wal-mart-stores
Gazprom,gazprom
Samsung Electronics,samsung-electronics
AT&T,at&t
BNP Paribas,bnp-paribas
Total,total
Verizon Communications,verizon-communications
Allianz,allianz
China Mobile,china-mobile
Sinopec-China Petroleum,sinopec-china-petroleum
Petrobras,petrobras
Daimler,daimler
Microsoft,microsoft
AXA Group,axa-group
Rosneft,rosneft
IBM,ibm
Nestle,nestle
Mitsubishi UFJ Financial,mitsubishi-ufj-financial
Vodafone,vodafone
Eni,eni
Procter & Gamble,procter-&-gamble
Johnson & Johnson,johnson-&-johnson
American International Group,american-international-group
Banco Santander,banco-santander
BHP Billiton,bhp-billiton
Pfizer,pfizer
Ford Motor,ford-motor
BMW Group,bmw-group
Commonwealth Bank,commonwealth-bank
EDF,edf
Statoil,statoil
Google,google
Siemens,siemens
Novartis,novartis
Royal Bank of Canada,royal-bank-of-canada
Sumitomo Mitsui Financial,sumitomo-mitsui-financial
Comcast,comcast
Sberbank,sberbank
Goldman Sachs Group,goldman-sachs-group
Westpac Banking Group,westpac-banking-group
Nippon Telegraph & Tel,nippon-telegraph-&-tel
Ping An Insurance Group,ping-an-insurance-group
Banco Bradesco,banco-bradesco
Anheuser-Busch InBev,anheuser-busch-inbev
Bank of Communications,bank-of-communications
China Life Insurance,china-life-insurance
General Motors,general-motors
MetLife,metlife
Honda Motor,honda-motor
Enel,enel
BASF,basf
Softbank,softbank
National Australia Bank,national-australia-bank
ANZ,anz
TD Bank Group,td-bank-group
ConocoPhillips,conocophillips
Intel,intel
UBS,ubs
Hewlett-Packard,hewlett-packard
Coca-Cola,coca-cola
Cisco Systems,cisco-systems
LukOil,lukoil
Boeing,boeing
Zurich Insurance Group,zurich-insurance-group
UnitedHealth Group,unitedhealth-group
Hyundai Motor,hyundai-motor
Sanofi,sanofi
Credit Agricole,credit-agricole
United Technologies,united-technologies
Roche Holding,roche-holding
Munich Re,munich-re
PepsiCo,pepsico
Oracle,oracle
Bank of Nova Scotia,bank-of-nova-scotia
CVS Caremark,cvs-caremark
ING Group,ing-group
Saudi Basic Industries,saudi-basic-industries
Merck & Co,merck-&-co
Walt Disney,walt-disney
Mizuho Financial,mizuho-financial
China Merchants Bank,china-merchants-bank
American Express,american-express
Banco do Brasil,banco-do-brasil
Morgan Stanley,morgan-stanley
Prudential,prudential
CNOOC,cnooc
Rio Tinto,rio-tinto
Unilever,unilever
Nissan Motor,nissan-motor
Credit Suisse Group,credit-suisse-group
E.ON,e.on
Generali Group,generali-group
GlaxoSmithKline,glaxosmithkline
Schlumberger,schlumberger
BBVA-Banco Bilbao Vizcaya,bbva-banco-bilbao-vizcaya
Nordea Bank,nordea-bank
Bayer,bayer
China Minsheng Banking,china-minsheng-banking
Caterpillar,caterpillar
Standard Chartered,standard-chartered
China Shenhua Energy,china-shenhua-energy
US Bancorp,us-bancorp
Mitsubishi Corp,mitsubishi-corp
Dow Chemical,dow-chemical
Ecopetrol,ecopetrol
Industrial Bank,industrial-bank
Shanghai Pudong Development,shanghai-pudong-development
EADS,eads
Swiss Re,swiss-re
Iberdrola,iberdrola
China Citic Bank,china-citic-bank
Reliance Industries,reliance-industries
Hutchison Whampoa,hutchison-whampoa
Home Depot,home-depot
Hitachi,hitachi
Hon Hai Precision,hon-hai-precision
Phillips 66,phillips-66
Capital One Financial,capital-one-financial
Aviva,aviva
France Telecom,france-telecom
Deutsche Telekom,deutsche-telekom
Bank of Montreal,bank-of-montreal
VINCI,vinci
Suncor Energy,suncor-energy
China Telecom,china-telecom
Occidental Petroleum,occidental-petroleum
"Twenty-First Century Fox, Inc.","twenty-first-century-fox,-inc."
Mitsui & Co,mitsui-&-co
Qualcomm,qualcomm
State Bank of India,state-bank-of-india
Time Warner,time-warner
Philip Morris International,philip-morris-international
Honeywell International,honeywell-international
Express Scripts,express-scripts
United Parcel Service,united-parcel-service
Barclays,barclays
PNC Financial Services,pnc-financial-services
Deutsche Post,deutsche-post
AIA Group,aia-group
Duke Energy,duke-energy
Delta Air Lines,delta-air-lines
Deutsche Bank,deutsche-bank
National Grid,national-grid
ABB,abb
Amgen,amgen
EI du Pont de Nemours,ei-du-pont-de-nemours
Manulife Financial,manulife-financial
British American Tobacco,british-american-tobacco
SAIC Motor,saic-motor
Oil & Natural Gas,oil-&-natural-gas
Walgreen,walgreen
KDDI,kddi
Valero Energy,valero-energy
PTT PCL,ptt-pcl
Travelers Cos,travelers-cos
Canadian Imperial Bank,canadian-imperial-bank
AstraZeneca,astrazeneca
Deere & Co,deere-&-co
Union Pacific,union-pacific
McDonald's,mcdonald's
WellPoint,wellpoint
Aflac,aflac
Tokio Marine Holdings,tokio-marine-holdings
Taiwan Semiconductor,taiwan-semiconductor
Legal & General Group,legal-&-general-group
Christian Dior,christian-dior
China Unicom,china-unicom
3M,3m
Allstate,allstate
Schneider Electric,schneider-electric
DNB,dnb
Lockheed Martin,lockheed-martin
Surgutneftegas,surgutneftegas
Target,target
ACE,ace
Denso,denso
Nomura Holdings,nomura-holdings
Nippon Steel & Sumitomo Metal,nippon-steel-&-sumitomo-metal
Wesfarmers,wesfarmers
China Everbright Bank,china-everbright-bank
SAP,sap
Jardine Matheson,jardine-matheson
Japan Tobacco,japan-tobacco
BG Group,bg-group
Itochu,itochu
Carrefour,carrefour
SABMiller,sabmiller
Bank of New York Mellon,bank-of-new-york-mellon
Continental,continental
EMC,emc
Costco Wholesale,costco-wholesale
BT Group,bt-group
Eli Lilly & Co,eli-lilly-&-co
Seven & I Holdings,seven-&-i-holdings
Canon,canon
Lowe's Cos,lowe's-cos
China State Construction,china-state-construction
Freeport-McMoRan Copper,freeport-mcmoran-copper
Telstra,telstra
LyondellBasell Industries,lyondellbasell-industries
China Pacific Insurance,china-pacific-insurance
Diageo,diageo
Abbott Laboratories,abbott-laboratories
Gas Natural Fenosa,gas-natural-fenosa
Danske Bank,danske-bank
Aetna,aetna
Sony,sony
Aegon,aegon
Ericsson,ericsson
Posco,posco
East Japan Railway,east-japan-railway
Brookfield Asset Management,brookfield-asset-management
Altria Group,altria-group
BlackRock,blackrock
Exelon,exelon
Danone,danone
Archer Daniels Midland,archer-daniels-midland
McKesson,mckesson
Heineken Holding,heineken-holding
Panasonic,panasonic
Hess,hess
People's Insurance Company,people's-insurance-company
Shinhan Financial Group,shinhan-financial-group
eBay,ebay
Natixis,natixis
Time Warner Cable,time-warner-cable
General Dynamics,general-dynamics
AbbVie,abbvie
Medtronic,medtronic
EXOR,exor
Bristol-Myers Squibb,bristol-myers-squibb
KIA Motors,kia-motors
SEB,seb
KBC Group,kbc-group
FedEx,fedex
Renault,renault
VTB Bank,vtb-bank
Sumitomo Corp,sumitomo-corp
CNP Assurances,cnp-assurances
MS&AD Insurance,ms&ad-insurance
Hyundai Mobis,hyundai-mobis
Halliburton,halliburton
Danaher,danaher
Apache,apache
Sun Life Financial,sun-life-financial
Marathon Petroleum,marathon-petroleum
Southern Co,southern-co
Ping An Bank,ping-an-bank
Linde,linde
NextEra Energy,nextera-energy
Saint-Gobain,saint-gobain
Canadian Natural Resources,canadian-natural-resources
Transneft,transneft
Visa,visa
Rolls-Royce Holdings,rolls-royce-holdings
JX Holdings,jx-holdings
Imperial Tobacco Group,imperial-tobacco-group
Woolworths,woolworths
Bridgestone,bridgestone
Cigna,cigna
Standard Bank Group,standard-bank-group
DBS Group,dbs-group
Svenska Handelsbanken,svenska-handelsbanken
BCE,bce
Centrica,centrica
National Oilwell Varco,national-oilwell-varco
Air Liquide,air-liquide
Teva Pharmaceutical Inds,teva-pharmaceutical-inds
Old Mutual,old-mutual
Philips,philips
Swedbank,swedbank
Oversea-Chinese Banking,oversea-chinese-banking
Eaton,eaton
Directv,directv
Dai-ichi Life Insurance,dai-ichi-life-insurance
Marubeni,marubeni
Fresenius,fresenius
ICICI Bank,icici-bank
China Vanke,china-vanke
China Communications Construction,china-communications-construction
State Street,state-street
Central Japan Railway,central-japan-railway
Kroger,kroger
Johnson Controls,johnson-controls
China Railway Construction,china-railway-construction
Henkel,henkel
Inditex,inditex
Emerson Electric,emerson-electric
Husky Energy,husky-energy
Wilmar International,wilmar-international
Teliasonera,teliasonera
Dominion Resources,dominion-resources
BB&T,bb&t
China Railway Group,china-railway-group
Sasol,sasol
NIKE,nike
Kinder Morgan,kinder-morgan
SingTel,singtel
CaixaBank,caixabank
OMV Group,omv-group
Maybank,maybank
Holcim,holcim
Reckitt Benckiser Group,reckitt-benckiser-group
Telenor,telenor
EOG Resources,eog-resources
Tata Motors,tata-motors
Power Corp of Canada,power-corp-of-canada
Monsanto,monsanto
Raytheon,raytheon
SSE,sse
Mitsubishi Heavy Industries,mitsubishi-heavy-industries
Chubb,chubb
Accenture,accenture
Mitsubishi Electric,mitsubishi-electric
American Electric,american-electric
HCA Holdings,hca-holdings
Standard Life,standard-life
Enbridge,enbridge
Northrop Grumman,northrop-grumman
WPP,wpp
Kraft Foods Group,kraft-foods-group
Takeda Pharmaceutical,takeda-pharmaceutical
Discover Financial Services,discover-financial-services
EDP-Energias de Portugal,edp-energias-de-portugal
Safran,safran
Volvo Group,volvo-group
Investor,investor
Sumitomo Mitsui Trust,sumitomo-mitsui-trust
Fannie Mae,fannie-mae
Samsung Life Insurance,samsung-life-insurance
Las Vegas Sands,las-vegas-sands
Baxter International,baxter-international
Michelin Group,michelin-group
Anadarko Petroleum,anadarko-petroleum
Sun Hung Kai Properties,sun-hung-kai-properties
Ameriprise Financial,ameriprise-financial
International Paper,international-paper
Gilead Sciences,gilead-sciences
Huaxia Bank,huaxia-bank
Kimberly-Clark,kimberly-clark
United Overseas Bank,united-overseas-bank
CBS,cbs
Toshiba,toshiba
KB Financial Group,kb-financial-group
Richemont,richemont
Merck,merck
Femsa,femsa
Marathon Oil,marathon-oil
Carnival,carnival
Mapfre,mapfre
Freddie Mac,freddie-mac
MTN Group,mtn-group
General Mills,general-mills
Viacom,viacom
Lafarge,lafarge
Grupo ACS,grupo-acs
Thermo Fisher Scientific,thermo-fisher-scientific
Sistema,sistema
Baker Hughes,baker-hughes
Automatic Data,automatic-data
Canadian National Railway,canadian-national-railway
Orix,orix
Talanx,talanx
TransCanada,transcanada
Lloyds Banking Group,lloyds-banking-group
Isbank,isbank
Saudi Telecom,saudi-telecom
CSX,csx
Norfolk Southern,norfolk-southern
Lincoln National,lincoln-national
Macy's,macy's
Pernod Ricard,pernod-ricard
Novo Nordisk,novo-nordisk
Cathay Financial,cathay-financial
Huaneng Power International,huaneng-power-international
Royal Ahold,royal-ahold
SunTrust Banks,suntrust-banks
NKSJ Holdings,nksj-holdings
GDF SUEZ,gdf-suez
Glencore International,glencore-international
Qatar National Bank,qatar-national-bank
Sampo,sampo
Magna International,magna-international
Komatsu,komatsu
Fubon Financial,fubon-financial
Inpex,inpex
PG&E,pg&e
Garanti Bank,garanti-bank
Illinois Tool Works,illinois-tool-works
Indian Oil,indian-oil
Mitsui Fudosan,mitsui-fudosan
Humana,humana
Fuji Heavy Industries,fuji-heavy-industries
Syngenta,syngenta
HDFC Bank,hdfc-bank
Texas Instruments,texas-instruments
Colgate-Palmolive,colgate-palmolive
NTPC,ntpc
Royal Bank of Scotland,royal-bank-of-scotland
Tencent Holdings,tencent-holdings
Swisscom,swisscom
Coal India,coal-india
Bank of Beijing,bank-of-beijing
PPL,ppl
AMP,amp
Macquarie Group,macquarie-group
Prudential Financial,prudential-financial
HeidelbergCement,heidelbergcement
UniCredit Group,unicredit-group
Suzuki Motor,suzuki-motor
Praxair,praxair
Edison International,edison-international
SK Hynix,sk-hynix
PPG Industries,ppg-industries
JFE Holdings,jfe-holdings
Vale,vale
Tenaga Nasional,tenaga-nasional
Resona Holdings,resona-holdings
Toyota Industries,toyota-industries
Daiwa Securities,daiwa-securities
Fifth Third Bancorp,fifth-third-bancorp
United Continental Holdings,united-continental-holdings
H&M,h&m
Chesapeake Energy,chesapeake-energy
Amazon.com,amazon.com
Intesa Sanpaolo,intesa-sanpaolo
Paccar,paccar
Aon,aon
Xerox,xerox
Hana Financial Group,hana-financial-group
Etisalat,etisalat
Loews,loews
Tokyo Electric Power,tokyo-electric-power
CIMB Group Holdings,cimb-group-holdings
SK Telecom,sk-telecom
TJX Cos,tjx-cos
Charles Schwab,charles-schwab
Associated British Foods,associated-british-foods
Tesco,tesco
Principal Financial Group,principal-financial-group
Mitsubishi Estate,mitsubishi-estate
GFNorte,gfnorte
Ageas,ageas
Repsol YPF,repsol-ypf
Sempra Energy,sempra-energy
T&D Holdings,t&d-holdings
New China Life Insurance,new-china-life-insurance
FirstRand,firstrand
Aeon,aeon
Akzo Nobel,akzo-nobel
Bank Mandiri,bank-mandiri
Rogers Communications,rogers-communications
Swiss Life Holding,swiss-life-holding
Novatek,novatek
Corning,corning
Fujifilm Holdings,fujifilm-holdings
Bank Rakyat Indonesia,bank-rakyat-indonesia
CEZ Group,cez-group
Consolidated Edison,consolidated-edison
Akbank,akbank
Micron Technology,micron-technology
Covidien,covidien
Progressive,progressive
Saudi Electricity,saudi-electricity
ArcelorMittal,arcelormittal
Alstom,alstom
National Bank of Canada,national-bank-of-canada
Formosa Petrochemical,formosa-petrochemical
Cummins,cummins
SK Innovation,sk-innovation
TE Connectivity,te-connectivity
Ecolab,ecolab
Larsen & Toubro,larsen-&-toubro
Gree Electric Appliances,gree-electric-appliances
Public Service Enterprise,public-service-enterprise
Piraeus Bank,piraeus-bank
Precision Castparts,precision-castparts
RWE Group,rwe-group
MasterCard,mastercard
Fortescue Metals Group,fortescue-metals-group
Kellogg,kellogg
Kirin Holdings,kirin-holdings
Facebook,facebook
Poly Real Estate,poly-real-estate
Baoshan Iron & Steel,baoshan-iron-&-steel
Fortum,fortum
Atlas Copco,atlas-copco
Norilsk Nickel,norilsk-nickel
Cheung Kong Holdings,cheung-kong-holdings
Toyota Tsusho,toyota-tsusho
Sysco,sysco
Tatneft,tatneft
DISH Network,dish-network
Safeway,safeway
Adidas,adidas
Cenovus Energy,cenovus-energy
Korea Electric Power,korea-electric-power
Omnicom Group,omnicom-group
Cardinal Health,cardinal-health
Thales,thales
Otsuka Holding,otsuka-holding
Grupo Mexico,grupo-mexico
CLP Holdings,clp-holdings
Swire Pacific,swire-pacific
Kyocera,kyocera
Marsh & McLennan,marsh-&-mclennan
China Resources Land,china-resources-land
HDFC,hdfc
Raiffeisen Bank International,raiffeisen-bank-international
Shin-Etsu Chemical,shin-etsu-chemical
CIC Group,cic-group
Suncorp Group,suncorp-group
Kubota,kubota
SCA,sca
Tata Consultancy Services,tata-consultancy-services
Siam Commercial Bank,siam-commercial-bank
TELUS,telus
Aisin Seiki,aisin-seiki
Daikin Industries,daikin-industries
LG Chem,lg-chem
Vivendi,vivendi
Transocean,transocean
Mazda Motor,mazda-motor
Anglo American,anglo-american
Evonik,evonik
Grupo Aval,grupo-aval
Compass Group,compass-group
Kasikornbank,kasikornbank
Commerzbank,commerzbank
Ferrovial,ferrovial
Xcel Energy,xcel-energy
J Sainsbury,j-sainsbury
Lotte Shopping,lotte-shopping
Franklin Resources,franklin-resources
Daiwa House Industry,daiwa-house-industry
Sabanci Holding,sabanci-holding
Grupo Modelo,grupo-modelo
Carlsberg,carlsberg
Lenovo Group,lenovo-group
Al Rajhi Bank,al-rajhi-bank
Hartford Financial Services,hartford-financial-services
Kingfisher,kingfisher
Keppel Corp,keppel-corp
Simon Property Group,simon-property-group
Tenaris,tenaris
Regions Financial,regions-financial
Telecom Italia,telecom-italia
Southwest Airlines,southwest-airlines
Western Digital,western-digital
Porsche Automobil Holding,porsche-automobil-holding
Tokyo Gas,tokyo-gas
Woodside Petroleum,woodside-petroleum
Deutsche Lufthansa,deutsche-lufthansa
Falabella,falabella
Bankia,bankia
Potash of Saskatchewan,potash-of-saskatchewan
Sumitomo Electric,sumitomo-electric
Public Bank,public-bank
Alpha Bank,alpha-bank
Air Products & Chemicals,air-products-&-chemicals
Sumitomo Realty,sumitomo-realty
Publicis Groupe,publicis-groupe
Entergy,entergy
ASML Holding,asml-holding
SLM,slm
ConAgra Foods,conagra-foods
Reynolds American,reynolds-american
China Resources Power,china-resources-power
Samsung Fire & Marine,samsung-fire-&-marine
Unum Group,unum-group
Sime Darby,sime-darby
George Weston,george-weston
Evergrande Real Estate,evergrande-real-estate
Agrium,agrium
Mosaic,mosaic
Anhui Conch Cement,anhui-conch-cement
Teck Resources,teck-resources
Banco Popular Espanol,banco-popular-espanol
Swatch Group,swatch-group
National Bank of Greece,national-bank-of-greece
Stryker,stryker
Delphi Automotive,delphi-automotive
Spectra Energy,spectra-energy
Tyson Foods,tyson-foods
FirstEnergy,firstenergy
Sodexo,sodexo
Biogen Idec,biogen-idec
Abertis,abertis
Astellas Pharma,astellas-pharma
M&T Bank,m&t-bank
Murphy Oil,murphy-oil
Formosa Chemicals,formosa-chemicals
Hyundai Heavy Industries,hyundai-heavy-industries
Liberty Global,liberty-global
Unibail-Rodamco,unibail-rodamco
PKO Bank Polski,pko-bank-polski
ThyssenKrupp Group,thyssenkrupp-group
Bharti Airtel,bharti-airtel
Siam Cement,siam-cement
Adecco,adecco
Seadrill,seadrill
Celgene,celgene
Axis Bank,axis-bank
Nokia,nokia
MTR,mtr
Country Garden Holdings,country-garden-holdings
Quanta Computer,quanta-computer
British Sky Broadcasting,british-sky-broadcasting
Mitsubishi Motors,mitsubishi-motors
JBS,jbs
Couche Tard,couche-tard
National Bank of Abu Dhabi,national-bank-of-abu-dhabi
Dollar General,dollar-general
Daqin Railway,daqin-railway
Metro Group,metro-group
Parker-Hannifin,parker-hannifin
Bancolombia,bancolombia
PGE,pge
Asahi Kasei,asahi-kasei
Fast Retailing,fast-retailing
Whirlpool,whirlpool
Sandvik,sandvik
China National Building,china-national-building
Liberty Media,liberty-media
Kohl's,kohl's
Genworth Financial,genworth-financial
BAE Systems,bae-systems
Priceline.com,priceline.com
Annaly Capital Management,annaly-capital-management
Chunghwa Telecom,chunghwa-telecom
VF,vf
Halkbank,halkbank
Bouygues,bouygues
Bank Central Asia,bank-central-asia
CME Group,cme-group
Asahi Group Holdings,asahi-group-holdings
MegaFon,megafon
CenturyLink,centurylink
SK Holdings,sk-holdings
Insurance Australia Group,insurance-australia-group
Yara International,yara-international
XL Group,xl-group
Isuzu Motors,isuzu-motors
Magnit,magnit
Steinhoff International,steinhoff-international
Yum Brands,yum-brands
Ricoh,ricoh
AmerisourceBergen,amerisourcebergen
Atlantia,atlantia
Industrial Bank of Korea,industrial-bank-of-korea
DTE Energy,dte-energy
Toray Industries,toray-industries
Northeast Utilities,northeast-utilities
First Gulf Bank,first-gulf-bank
Seagate Technology,seagate-technology
VimpelCom,vimpelcom
Ooredoo Telecom,ooredoo-telecom
China Cinda Asset Management,china-cinda-asset-management
Ingersoll-Rand,ingersoll-rand
PTT Global Chemical,ptt-global-chemical
Sanlam,sanlam
Banco de Sabadell,banco-de-sabadell
Li & Fung,li-&-fung
Liberty Interactive,liberty-interactive
Henderson Land,henderson-land
CSR,csr
Erste Group Bank,erste-group-bank
Scor,scor
China Steel,china-steel
Technip,technip
GD Power Development,gd-power-development
Nucor,nucor
Hilton Worldwide Holdings,hilton-worldwide-holdings
China Coal Energy,china-coal-energy
Nan Ya Plastics,nan-ya-plastics
Midea Group Co. Ltd.,midea-group-co.-ltd.
New World Development,new-world-development
Gap,gap
Sekisui House,sekisui-house
Daiichi Sankyo,daiichi-sankyo
CRH,crh
Idemitsu Kosan,idemitsu-kosan
Bangkok Bank,bangkok-bank
Westfield Group,westfield-group
KeyCorp,keycorp
DaVita,davita
Yahoo,yahoo
Kansai Electric Power,kansai-electric-power
National Bank of Kuwait,national-bank-of-kuwait
Deutsche Boerse,deutsche-boerse
Veolia Environnement,veolia-environnement
Mobily,mobily
Marks & Spencer,marks-&-spencer
Samba Financial Group,samba-financial-group
Baidu,baidu
Resolution,resolution
Northern Trust,northern-trust
Infosys,infosys
American Airlines Group,american-airlines-group
Fujitsu,fujitsu
Wheelock & Co,wheelock-&-co
Dentsu,dentsu
Wolseley,wolseley
Citic Securities,citic-securities
Williams Cos,williams-cos
QBE Insurance Group,qbe-insurance-group
Riyad Bank,riyad-bank
Mitsubishi Chemical,mitsubishi-chemical
Solvay,solvay
Japan Airlines,japan-airlines
Dongfeng Motor Group,dongfeng-motor-group
Bombardier,bombardier
Devon Energy,devon-energy
Galaxy Entertainment,galaxy-entertainment
Luxottica Group,luxottica-group
"Becton, Dickinson","becton,-dickinson"
Grupo Inbursa,grupo-inbursa
Alcoa,alcoa
Thomson Reuters,thomson-reuters
Best Buy,best-buy
West Japan Railway,west-japan-railway
Canadian Pacific Railway,canadian-pacific-railway
BRF-Brasil Foods,brf-brasil-foods
Fosun International,fosun-international
Allergan,allergan
Citic Pacific,citic-pacific
Chinatrust Financial,chinatrust-financial
Allied Irish Banks,allied-irish-banks
TRW Automotive Holdings,trw-automotive-holdings
Metallurgical Corp of China,metallurgical-corp-of-china
Bunge,bunge
Kao Corp,kao-corp
IDGC Holding,idgc-holding
Kering,kering
Hyundai Steel,hyundai-steel
Emirates NBD,emirates-nbd
LG Electronics,lg-electronics
Motorola Solutions,motorola-solutions
Telekom Indonesia,telekom-indonesia
Noble Energy,noble-energy
EnBW-Energie Baden,enbw-energie-baden
Barrick Gold,barrick-gold
Cognizant Technology,cognizant-technology
International Airlines,international-airlines
Mercantil Servicios,mercantil-servicios
Peugeot,peugeot
Murata Manufacturing,murata-manufacturing
Cencosud,cencosud
Tyco International,tyco-international
Chubu Electric Power,chubu-electric-power
Skanska,skanska
L-3 Communications,l-3-communications
Leucadia National,leucadia-national
VMware,vmware
Kuehne + Nagel,kuehne-+-nagel
Eastman Chemical,eastman-chemical
LG Display,lg-display
Cemex,cemex
Shimao Property Holdings,shimao-property-holdings
Saudi British Bank,saudi-british-bank
Cameron International,cameron-international
Mediolanum,mediolanum
Discovery Communications,discovery-communications
China Yangtze Power,china-yangtze-power
Punjab National Bank,punjab-national-bank
China CNR,china-cnr
Grupa PZU,grupa-pzu
Capgemini,capgemini
Krung Thai Bank,krung-thai-bank
Republic Services,republic-services
Bank of Baroda,bank-of-baroda
Sinohydro Group,sinohydro-group
Mahindra & Mahindra,mahindra-&-mahindra
San Miguel,san-miguel
Valeo,valeo
RTL Group,rtl-group
Longfor Properties,longfor-properties
Vienna Insurance Group,vienna-insurance-group
Goodyear,goodyear
KPN,kpn
AES,aes
Fluor,fluor
Abu Dhabi Commercial Bank,abu-dhabi-commercial-bank
Weyerhaeuser,weyerhaeuser
Mylan,mylan
Bank of East Asia,bank-of-east-asia
Ensco,ensco
AntarChile,antarchile
HollyFrontier,hollyfrontier
Woori Finance Holdings,woori-finance-holdings
China Shipbuilding Industry,china-shipbuilding-industry
Bank Hapoalim,bank-hapoalim
Stanley Black & Decker,stanley-black-&-decker
SJM Holdings,sjm-holdings
ALFA,alfa
Dover,dover
Bed Bath & Beyond,bed-bath-&-beyond
UPM-Kymmene,upm-kymmene
ITC,itc
Waste Management,waste-management
Mega Financial Holding,mega-financial-holding
LG Corp,lg-corp
Invesco,invesco
American Capital Agency,american-capital-agency
Kone,kone
Pearson,pearson
Alcatel-Lucent,alcatel-lucent
Great Wall Motor,great-wall-motor
Lixil Group,lixil-group
Voestalpine,voestalpine
Hanwha Life Insurance,hanwha-life-insurance
Hertz Global Holdings,hertz-global-holdings
Galp Energia,galp-energia
Formosa Plastics,formosa-plastics
AutoZone,autozone
Eiffage,eiffage
Symantec,symantec
Wipro,wipro
Nielsen Holdings,nielsen-holdings
L Brands,l-brands
Origin Energy,origin-energy
UBI Banca,ubi-banca
Rakuten,rakuten
Fanuc,fanuc
Sherwin-Williams,sherwin-williams
Naspers,naspers
Actavis,actavis
Tokyu,tokyu
Royal Caribbean Cruises,royal-caribbean-cruises
Axiata Group,axiata-group
Datang International Power,datang-international-power
Essilor International,essilor-international
Assa Abloy,assa-abloy
Reed Elsevier,reed-elsevier
Constellation Brands,constellation-brands
SanDisk,sandisk
Applied Materials,applied-materials
Whole Foods Market,whole-foods-market
ICA Gruppen,ica-gruppen
HCP,hcp
Oi,oi
Bharat Heavy Electricals,bharat-heavy-electricals
Unipol Gruppo,unipol-gruppo
Kweichow Moutai,kweichow-moutai
TD Ameritrade Holding,td-ameritrade-holding
Grupo Televisa,grupo-televisa
Marriott International,marriott-international
Secom,secom
Genuine Parts,genuine-parts
Ross Stores,ross-stores
RusHydro,rushydro
Agilent Technologies,agilent-technologies
Textron,textron
Staples,staples
Everest Re Group,everest-re-group
Weatherford International,weatherford-international
Land Securities Group,land-securities-group
WW Grainger,ww-grainger
American Tower,american-tower
Jiangxi Copper,jiangxi-copper
Bank of Ireland,bank-of-ireland
Chow Tai Fook Jewellery,chow-tai-fook-jewellery
Samsung C&T,samsung-c&t
Beiersdorf,beiersdorf
Computer Sciences,computer-sciences
Pgnig Group,pgnig-group
Samsung Heavy Industries,samsung-heavy-industries
CF Industries Holdings,cf-industries-holdings
Credicorp,credicorp
Industries Qatar,industries-qatar
Hershey,hershey
Sinopharm Group,sinopharm-group
Power Assets Holdings,power-assets-holdings
Belgacom,belgacom
Areva,areva
Rostelecom,rostelecom
DSM,dsm
CIT Group,cit-group
Nordstrom,nordstrom
VakifBank,vakifbank
Hanwha Corp,hanwha-corp
Kobe Steel,kobe-steel
Cemig,cemig
Genting,genting
Financiere de l'Odet,financiere-de-l'odet
Zhejiang Zheneng Electric Power,zhejiang-zheneng-electric-power
Boston Properties,boston-properties
Starbucks,starbucks
NEC,nec
Valeant Pharmaceuticals,valeant-pharmaceuticals
News Corp,news-corp
Finatis,finatis
Phoenix Group Holdings,phoenix-group-holdings
Tesoro,tesoro
GKN,gkn
Nippon Yusen,nippon-yusen
CSL,csl
Shanghai International Port,shanghai-international-port
NRG Energy,nrg-energy
Banque Saudi Fransi,banque-saudi-fransi
Dexia,dexia
KT Corp,kt-corp
Banque nationale de Belgique,banque-nationale-de-belgique
Huadian Power International,huadian-power-international
Ryanair Holdings,ryanair-holdings
CarMax,carmax
Shanghai Electric Group,shanghai-electric-group
Investec,investec
Aluminum Corp of China,aluminum-corp-of-china
NiSource,nisource
Huntington Bancshares,huntington-bancshares
RSA Insurance Group,rsa-insurance-group
Haitong Securities,haitong-securities
Pentair,pentair
Onex,onex
Dassault Aviation,dassault-aviation
Sumitomo Metal Mining,sumitomo-metal-mining
Comerica,comerica
Hong Kong & China Gas,hong-kong-&-china-gas
Oneok,oneok
Emaar Properties,emaar-properties
Link REIT,link-reit
GAIL India,gail-india
Uni-President,uni-president
Hindalco Industries,hindalco-industries
Turkcell,turkcell
Reinsurance Group of America,reinsurance-group-of-america
Johnson Matthey,johnson-matthey
Korea Gas,korea-gas
MGM Resorts,mgm-resorts
SM Investments,sm-investments
Broadcom,broadcom
Bank Negara Indonesia,bank-negara-indonesia
Canara Bank,canara-bank
Kuwait Finance House,kuwait-finance-house
Singapore Airlines,singapore-airlines
Asustek Computer,asustek-computer
Antofagasta,antofagasta
Fidelity National Information,fidelity-national-information
Cathay Pacific Airways,cathay-pacific-airways
St Jude Medical,st-jude-medical
CGI Group,cgi-group
Noble Group,noble-group
Bank of India,bank-of-india
Public Storage,public-storage
Jeronimo Martins,jeronimo-martins
Bank of Greece,bank-of-greece
CapitaLand,capitaland
Schroders,schroders
Coca-Cola Enterprises,coca-cola-enterprises
Tata Steel,tata-steel
Rockwell Automation,rockwell-automation
Finmeccanica,finmeccanica
Avnet,avnet
Wm Morrison Supermarkets,wm-morrison-supermarkets
Canadian Tire,canadian-tire
China Oilfield Services,china-oilfield-services
Ralph Lauren,ralph-lauren
Showa Shell Sekiyu,showa-shell-sekiyu
Schindler Holding,schindler-holding
Bank of Yokohama,bank-of-yokohama
Lorillard,lorillard
Grupo Carso,grupo-carso
Banco Popolare,banco-popolare
Continental Resources,continental-resources
CA,ca
NHN,nhn
Wynn Resorts,wynn-resorts
Arab National Bank,arab-national-bank
Weichai Power,weichai-power
Amcor,amcor
Wendel,wendel
Bidvest Group,bidvest-group
Brambles,brambles
Hankyu Hanshin Holdings,hankyu-hanshin-holdings
Qingdao Haier,qingdao-haier
Sun Art Retail Group,sun-art-retail-group
Power Grid of India,power-grid-of-india
IntercontinentalExchange,intercontinentalexchange
Rock-Tenn,rock-tenn
Mattel,mattel
Pohjola Bank,pohjola-bank
Shaanxi Coal Industry,shaanxi-coal-industry
CenterPoint Energy,centerpoint-energy
Advanced Info Service,advanced-info-service
Harley-Davidson,harley-davidson
DP World,dp-world
Chongqing Rural Bank,chongqing-rural-bank
Legrand,legrand
Uralkali,uralkali
Kyushu Electric Power,kyushu-electric-power
SGS,sgs
Terna,terna
Grupo Bimbo,grupo-bimbo
Guangzhou R&F,guangzhou-r&f
Mediatek,mediatek
KGHM Polska Miedz,kghm-polska-miedz
Ventas,ventas
O'Reilly Automotive,o'reilly-automotive
Newmont Mining,newmont-mining
Neste Oil,neste-oil
Sumitomo Chemical,sumitomo-chemical
Air France-KLM,air-france-klm
Shin Kong Financial,shin-kong-financial
Tingyi Holding,tingyi-holding
McGraw-Hill Cos,mcgraw-hill-cos
Shire,shire
Assurant,assurant
BorgWarner,borgwarner
Cielo,cielo
Bharat Petroleum,bharat-petroleum
Dangote Cement,dangote-cement
IHI,ihi
Helvetia Holding,helvetia-holding
Ashland,ashland
Latam Airlines,latam-airlines
Ambac Financial Group,ambac-financial-group
All Nippon Airways,all-nippon-airways
RHB Capital,rhb-capital
Henan Shuanghui Investment,henan-shuanghui-investment
United Utilities,united-utilities
Storebrand,storebrand
Hormel Foods,hormel-foods
Intact Financial,intact-financial
Delhaize Group,delhaize-group
Norsk Hydro,norsk-hydro
Petronas Chemicals,petronas-chemicals
Prologis,prologis
Randstad Holding,randstad-holding
Sembcorp Industries,sembcorp-industries
Attijariwafa Bank,attijariwafa-bank
Melco Crown Entertainment,melco-crown-entertainment
China Resources Enterprise,china-resources-enterprise
China Eastern Airlines,china-eastern-airlines
Mitsubishi Materials,mitsubishi-materials
Celanese,celanese
Shaw Communications,shaw-communications
Prada,prada
SES,ses
Tohoku Electric Power,tohoku-electric-power
Lend Lease Group,lend-lease-group
Alleghany,alleghany
Arrow Electronics,arrow-electronics
Boston Scientific,boston-scientific
Shizuoka Bank,shizuoka-bank
Stora Enso,stora-enso
Hyundai Engineering,hyundai-engineering
Suntory Beverage & Food,suntory-beverage-&-food
Chicago Bridge & Iron,chicago-bridge-&-iron
Daito Trust Construction,daito-trust-construction
PulteGroup,pultegroup
T Rowe Price,t-rowe-price
Huishang Bank Corporation Limited,huishang-bank-corporation-limited
Quest Diagnostics,quest-diagnostics
CMS Energy,cms-energy
PKN Orlen,pkn-orlen
Arab Bank,arab-bank
China Southern Airlines,china-southern-airlines
Yamato Holdings,yamato-holdings
Kawasaki Heavy Industries,kawasaki-heavy-industries
Brenntag,brenntag
Zimmer Holdings,zimmer-holdings
Bank of Ningbo,bank-of-ningbo
General Growth Properties,general-growth-properties
Rexel,rexel
Charter Communications,charter-communications
NetApp,netapp
Starwood Hotels,starwood-hotels
Gjensidige Forsikring,gjensidige-forsikring
MOL Hungarian Oil,mol-hungarian-oil
Coach,coach
London Stock Exchange,london-stock-exchange
Uniqa,uniqa
New York Community,new-york-community
Campbell Soup,campbell-soup
Keyence,keyence
Santos,santos
Dollar Tree,dollar-tree
Taishin Financial Holdings,taishin-financial-holdings
Sharp,sharp
Bank of Nanjing,bank-of-nanjing
Delta Lloyd,delta-lloyd
Industrivarden,industrivarden
SMC Corp,smc-corp
AmBank Group,ambank-group
Western Union,western-union
Suning Appliance,suning-appliance
Turk Telekom,turk-telekom
First Republic Bank,first-republic-bank
Fiserv,fiserv
Doosan,doosan
Mediobanca,mediobanca
Vedanta Resources,vedanta-resources
Osaka Gas,osaka-gas
EasyJet,easyjet
Asahi Glass,asahi-glass
BYD,byd
PartnerRe,partnerre
Wisconsin Energy,wisconsin-energy
Fairfax Financial,fairfax-financial
Kinnevik,kinnevik
Dongbu Insurance,dongbu-insurance
Colruyt,colruyt
Noble,noble
BCI-Banco Credito,bci-banco-credito
Molson Coors Brewing,molson-coors-brewing
Bank Leumi,bank-leumi
Eurazeo,eurazeo
Hong Kong Exchanges,hong-kong-exchanges
Sears Holdings,sears-holdings
Alliance Data Systems,alliance-data-systems
El Puerto de Liverpool,el-puerto-de-liverpool
Arch Capital Group,arch-capital-group
FMC Technologies,fmc-technologies
Verbund,verbund
Kintetsu,kintetsu
HCL Technologies,hcl-technologies
Experian,experian
E-mart,e-mart
Sabesp,sabesp
Intuit,intuit
Goldcorp,goldcorp
Dai Nippon Printing,dai-nippon-printing
Quinenco,quinenco
Mitsubishi UFJ Lease,mitsubishi-ufj-lease
Saputo,saputo
Delta Electronics,delta-electronics
CPFL Energia,cpfl-energia
Chiba Bank,chiba-bank
Global Logistic Properties,global-logistic-properties
Advanced Semiconductor,advanced-semiconductor
Enka,enka
Henry Schein,henry-schein
Lear,lear
Hyundai Glovis,hyundai-glovis
Amadeus IT Holdings,amadeus-it-holdings
Hang Lung Group,hang-lung-group
Autoliv,autoliv
Inner Mongolia Yili,inner-mongolia-yili
Zoomlion Heavy Industry,zoomlion-heavy-industry
Braskem,braskem
Doosan Heavy Industries,doosan-heavy-industries
Metalurgica Gerdau,metalurgica-gerdau
Alrosa,alrosa
Ameren,ameren
Sojitz,sojitz
Caltex Australia,caltex-australia
Fidelity National Financial,fidelity-national-financial
Nidec,nidec
Hebei Iron & Steel,hebei-iron-&-steel
American Financial Group,american-financial-group
Encana,encana
Top Frontier Investment Holdings,top-frontier-investment-holdings
WR Berkley,wr-berkley
Moody's,moody's
Espirito Santo Financial,espirito-santo-financial
Jacobs Engineering,jacobs-engineering
Beijing Enterprises,beijing-enterprises
China Taiping Insurance,china-taiping-insurance
ATOS,atos
Flextronics International,flextronics-international
Want Want China,want-want-china
Yamaha Motor,yamaha-motor
Julius Baer Group,julius-baer-group
S-Oil,s-oil
Direct Line Insurance,direct-line-insurance
Dr Pepper Snapple Group,dr-pepper-snapple-group
Pegatron,pegatron
Nintendo,nintendo
Banca MPS,banca-mps
BPI,bpi
Cincinnati Financial,cincinnati-financial
Hindustan Petroleum,hindustan-petroleum
Mondi,mondi
Anadolu Efes,anadolu-efes
HAL Trust,hal-trust
Crown Castle International,crown-castle-international
Lennar,lennar
Equity Residential,equity-residential
Cosmo Oil,cosmo-oil
Zain,zain
ZTE,zte
Industrial Alliance Insurance,industrial-alliance-insurance
Wuliangye Yibin,wuliangye-yibin
Intuitive Surgical,intuitive-surgical
Oriental Land,oriental-land
PLDT,pldt
Power Finance,power-finance
CH Robinson Worldwide,ch-robinson-worldwide
Sino-Ocean Land Holdings,sino-ocean-land-holdings
Union Bank of India,union-bank-of-india
CP All,cp-all
Ajinomoto,ajinomoto
Oji Holdings,oji-holdings
Adani Enterprises,adani-enterprises
Ingram Micro,ingram-micro
Avalonbay Communities,avalonbay-communities
Host Hotels & Resorts,host-hotels-&-resorts
Brown-Forman,brown-forman
JM Smucker,jm-smucker
Saudi Arabian Fertilizers,saudi-arabian-fertilizers
Mead Johnson Nutrition,mead-johnson-nutrition
Analog Devices,analog-devices
Xiamen C&D,xiamen-c&d
Clorox,clorox
Century Tokyo Leasing,century-tokyo-leasing
Amphenol,amphenol
Hong Leong Financial,hong-leong-financial
Novolipetsk Steel,novolipetsk-steel
Harbin Bank,harbin-bank
Banco Comercial Portugues,banco-comercial-portugues
Mitsui OSK Lines,mitsui-osk-lines
TUI,tui
First Quantum Minerals,first-quantum-minerals
Southwestern Energy,southwestern-energy
Kotak Mahindra Bank,kotak-mahindra-bank
Agile Property Holdings,agile-property-holdings
Dubai Islamic Bank,dubai-islamic-bank
CJ Corp,cj-corp
Bank of Ayudhya,bank-of-ayudhya
Raymond James Financial,raymond-james-financial
Thai Beverage,thai-beverage
Michael Kors Holdings,michael-kors-holdings
Bankinter,bankinter
SKF Group,skf-group
Health Care REIT,health-care-reit
Chugoku Electric Power,chugoku-electric-power
Gemdale,gemdale
Shinsei Bank,shinsei-bank
AutoNation,autonation
OTP Bank,otp-bank
DSME,dsme
Greentown China Holdings,greentown-china-holdings
Delek Group,delek-group
Empire,empire
Eisai,eisai
MISC,misc
Belle International Holdings,belle-international-holdings
Essar Energy,essar-energy
CONSOL Energy,consol-energy
Shoprite Holdings,shoprite-holdings
Oil & Gas Development,oil-&-gas-development
China Cosco Holdings,china-cosco-holdings
Nikon,nikon
Masraf Al Rayan,masraf-al-rayan
Taisei,taisei
GF Securities,gf-securities
Westfield Retail Trust,westfield-retail-trust
Petrofac,petrofac
Zions Bancorp,zions-bancorp
IDBI Bank,idbi-bank
BBMG,bbmg
Savola Group,savola-group
Sun Pharma Industries,sun-pharma-industries
Vornado Realty,vornado-realty
First Financial Holding,first-financial-holding
Canadian Oil Sands,canadian-oil-sands
China Merchants Property,china-merchants-property
Pirelli & C,pirelli-&-c
OMRON,omron
Seiko Epson,seiko-epson
Popular,popular
Hoya,hoya
Juniper Networks,juniper-networks
Saudi Arabian Mining,saudi-arabian-mining
Metro Inc,metro-inc
Universal Health,universal-health
Givaudan,givaudan
Petronas Gas,petronas-gas
Severstal,severstal
Regeneron Pharmaceuticals,regeneron-pharmaceuticals
PGN,pgn
Nitto Denko,nitto-denko
China National Chemical,china-national-chemical
Hankook Tire,hankook-tire
Keurig Green Mountain,keurig-green-mountain
Torchmark,torchmark
Infineon Technologies,infineon-technologies
Aeroports de Paris,aeroports-de-paris
Orica,orica
Paychex,paychex
KazMunaiGas Exploration,kazmunaigas-exploration
Ahli United Bank,ahli-united-bank
Catamaran,catamaran
Severn Trent,severn-trent
Inter Rao,inter-rao
CNO Financial Group,cno-financial-group
Obayashi,obayashi
JGC,jgc
Steel Authority of India,steel-authority-of-india
Abengoa,abengoa
Zoetis,zoetis
Medipal Holdings,medipal-holdings
YTL,ytl
Helmerich & Payne,helmerich-&-payne
TCL Corp,tcl-corp
Avago Technologies,avago-technologies
Coca-Cola HBC,coca-cola-hbc
Rural Electrification,rural-electrification
Evraz Group,evraz-group
Xilinx,xilinx
Rockwell Collins,rockwell-collins
Deutsche Annington Immobilien,deutsche-annington-immobilien
LabCorp,labcorp
Maxis,maxis
AGL Energy,agl-energy
Ternium,ternium
Family Dollar Stores,family-dollar-stores
British Land,british-land
China International Marine,china-international-marine
Aozora Bank,aozora-bank
Electrolux Group,electrolux-group
Vallourec,vallourec
Coloplast,coloplast
Check Point Software,check-point-software
Protective Life,protective-life
Qantas Airways,qantas-airways
PVH,pvh
Kajima,kajima
Calpine,calpine
Shanghai Construction,shanghai-construction
Smith & Nephew,smith-&-nephew
CSN,csn
Banco Davivienda,banco-davivienda
Portugal Telecom,portugal-telecom
NMDC,nmdc
CCR,ccr
DR Horton,dr-horton
Unicharm,unicharm
AGCO,agco
Rite Aid,rite-aid
Mohawk Industries,mohawk-industries
UC Rusal,uc-rusal
CR Bard,cr-bard
SCANA,scana
Cheng Shin Rubber Industry Co.,cheng-shin-rubber-industry-co.
Manpower,manpower
Bunzl,bunzl
Toppan Printing,toppan-printing
Sekisui Chemical,sekisui-chemical
Metropolitan Bank & Trust,metropolitan-bank-&-trust
Jiangsu Yanghe Brewery,jiangsu-yanghe-brewery
Petro Rabigh,petro-rabigh
UCB,ucb
Innolux,innolux
Stockland Australia,stockland-australia
Travis Perkins,travis-perkins
Korean Air,korean-air
Zijin Mining Group,zijin-mining-group
Flowserve,flowserve
Axis Capital Holdings,axis-capital-holdings
Mail.ru Group Ltd. Sponsored GDR RegS,mail.ru-group-ltd.-sponsored-gdr-regs
Yamaguchi Financial,yamaguchi-financial
Markel,markel
GEA Group,gea-group
Sany Heavy Industry,sany-heavy-industry
Mashreq Bank,mashreq-bank
Iliad,iliad
Commercial Bank of Qatar,commercial-bank-of-qatar
AU Optronics,au-optronics
Wuhan Iron & Steel,wuhan-iron-&-steel
Nippon Express,nippon-express
Hyundai Marine & Fire,hyundai-marine-&-fire
Talisman Energy,talisman-energy
Hellenic Telecom,hellenic-telecom
Garmin,garmin
Perrigo,perrigo
Roper Industries,roper-industries
Wyndham Worldwide,wyndham-worldwide
Community Health Sys,community-health-sys
Advance Auto Parts,advance-auto-parts
Aldar Properties,aldar-properties
Charoen Pokphand Foods,charoen-pokphand-foods
City Developments,city-developments
Tele2,tele2
Adobe Systems,adobe-systems
Accor,accor
Zodiac Aerospace,zodiac-aerospace
Pioneer Natural Resources,pioneer-natural-resources
Bta Bank,bta-bank
Banco Occidental,banco-occidental
Starwood Property Trust,starwood-property-trust
Gecina,gecina
STRABAG,strabag
Cerner,cerner
United Rentals,united-rentals
ST Engineering,st-engineering
Caesars Entertainment,caesars-entertainment
Lotte Chemical,lotte-chemical
Dassault Systemes,dassault-systemes
TAQA,taqa
EQT,eqt
Shimizu,shimizu
Alfresa Holdings,alfresa-holdings
Ametek,ametek
Fukuoka Financial Group,fukuoka-financial-group
Syndicate Bank,syndicate-bank
Level 3 Communications,level-3-communications
Remgro,remgro
Aramark,aramark
US Steel,us-steel
Acciona,acciona
Nomos Bank,nomos-bank
Guangdong Electric Power,guangdong-electric-power
Shanghai Pharmaceuticals,shanghai-pharmaceuticals
ITV,itv
Renesas Electronics,renesas-electronics
Crown Resorts,crown-resorts
E-Trade Financial,e-trade-financial
TDC,tdc
Olam International,olam-international
Assured Guaranty,assured-guaranty
KLA-Tencor,kla-tencor
Mitsui Chemicals,mitsui-chemicals
Netease,netease
Alfa Laval,alfa-laval
SDIC Power Holdings,sdic-power-holdings
Shenzhen Overseas,shenzhen-overseas
Kerry Group,kerry-group
Kingdom Holding,kingdom-holding
SOHO China,soho-china
Hua Nan Financial,hua-nan-financial
Fastenal,fastenal
SinoPac Financial,sinopac-financial
China Longyuan Power,china-longyuan-power
BM&F Bovespa,bm&f-bovespa
China Merchants Holdings,china-merchants-holdings
Chongqing Changan Auto,chongqing-changan-auto
FCC,fcc
Olympus,olympus
Yanzhou Coal Mining,yanzhou-coal-mining
China Life Insurance (Taiwan),china-life-insurance-(taiwan)
NXP Semiconductors,nxp-semiconductors
Sunac China Holdings,sunac-china-holdings
Interpublic Group,interpublic-group
Electric Power Development,electric-power-development
Quanta Services,quanta-services
Hengan International Group,hengan-international-group
Zenith Bank,zenith-bank
Petronas Dagangan,petronas-dagangan
Bendigo & Adelaide Bank,bendigo-&-adelaide-bank
Whitbread,whitbread
Turkish Airlines,turkish-airlines
Hexagon,hexagon
Yamada Denki,yamada-denki
Old Republic International,old-republic-international
Visteon,visteon
Grifols,grifols
X5 Retail Group,x5-retail-group
Compal Electronics,compal-electronics
Angang Steel,angang-steel
CBRE Group,cbre-group
Sika,sika
Manila Electric,manila-electric
Shanxi Taigang Stainless,shanxi-taigang-stainless
Bajaj Auto,bajaj-auto
Scripps Networks Interactive,scripps-networks-interactive
Cimarex Energy,cimarex-energy
Union National Bank,union-national-bank
Terumo,terumo
Geberit,geberit
Taiwan Mobile,taiwan-mobile
American Water Works,american-water-works
Isetan Mitsukoshi Holdings,isetan-mitsukoshi-holdings
Wolters Kluwer,wolters-kluwer
Tenet Healthcare,tenet-healthcare
China Hongqiao Group,china-hongqiao-group
E-L Financial,e-l-financial
Sigma-Aldrich,sigma-aldrich
Petsmart,petsmart
Arca Continental,arca-continental
Newell Rubbermaid,newell-rubbermaid
Golden Agri-Resources,golden-agri-resources
Bank of Chongqing,bank-of-chongqing
Hachijuni Bank,hachijuni-bank
Jyske Bank,jyske-bank
FBN Holdings,fbn-holdings
Nippon Paper Industries,nippon-paper-industries
Taiwan Cooperative Financial,taiwan-cooperative-financial
Salesforce.com,salesforce.com
Public Power,public-power
KT&G,kt&g
Willis Group Holdings,willis-group-holdings
Israel Corp,israel-corp
Actelion,actelion
Intu Properties plc,intu-properties-plc
Cosan,cosan
Foot Locker,foot-locker
Westlake Chemical,westlake-chemical
Alpiq Holding,alpiq-holding
Pembina Pipeline,pembina-pipeline
Smiths Group,smiths-group
Suzuken,suzuken
Joyo Bank,joyo-bank
Rockwood Holdings,rockwood-holdings
Songbird Estates plc,songbird-estates-plc
Mechel,mechel
Permanent TSB Group,permanent-tsb-group
Darden Restaurants,darden-restaurants
Two Harbors Investment,two-harbors-investment
Embraer,embraer
World Fuel Services,world-fuel-services
Mizrahi Tefahot Bank,mizrahi-tefahot-bank
Gudang Garam,gudang-garam
BCV Group,bcv-group
Banca Popolare dell'Emilia,banca-popolare-dell'emilia
Dongfang Electric,dongfang-electric
Sino Land,sino-land
ISS,iss
Wistron,wistron
Novozymes,novozymes
Capita,capita
Hokuhoku Financial Group,hokuhoku-financial-group
Chang Hwa Bank,chang-hwa-bank
SINOPEC Engineering (Group),sinopec-engineering-(group)
Altera,altera
Iyo Bank,iyo-bank
Chipotle Mexican Grill,chipotle-mexican-grill
LIG Insurance,lig-insurance
Linear Technology,linear-technology
China Mengniu Dairy,china-mengniu-dairy
China Merchants Securities,china-merchants-securities
Lundbergs,lundbergs
IOI Group,ioi-group
GS Holdings,gs-holdings
Smurfit Kappa Group,smurfit-kappa-group
Beam,beam
Avis Budget Group,avis-budget-group
Hikvision,hikvision
Enagas,enagas
Vestas Wind Systems,vestas-wind-systems
MMI Holdings,mmi-holdings
Hammerson plc,hammerson-plc
Metso,metso
Jarden,jarden
Huatai Securities,huatai-securities
Kawasaki Kisen Kaisha,kawasaki-kisen-kaisha
STMicroelectronics,stmicroelectronics
Fortis (Canada),fortis-(canada)
Harbinger Group,harbinger-group
J Front Retailing,j-front-retailing
Porto Seguro,porto-seguro
Crescent Point Energy,crescent-point-energy
Thai Oil,thai-oil
Weir Group,weir-group
Aberdeen Asset Management,aberdeen-asset-management
NVIDIA,nvidia
TDK,tdk
K+S,k+s
Harris,harris
OCI,oci
Forest Laboratories,forest-laboratories
Hyosung,hyosung
DIA,dia
Nishi-Nippon City Bank,nishi-nippon-city-bank
Minmetals Development,minmetals-development
Expeditors International,expeditors-international
Hopson Development Holdings,hopson-development-holdings
77 Bank,77-bank
Eastman Kodak,eastman-kodak
Saudi Hollandi Bank,saudi-hollandi-bank
Chugoku Bank,chugoku-bank
North Pacific Bank,north-pacific-bank
Lanxess,lanxess
OHL Group,ohl-group
Aspen Pharmacare Holdings,aspen-pharmacare-holdings
Alexion Pharmaceuticals,alexion-pharmaceuticals
Subsea 7,subsea-7
Airports of Thailand,airports-of-thailand
Bank of Kyoto,bank-of-kyoto
Burberry Group,burberry-group
Ezdan Holding Group,ezdan-holding-group
Cattolica Assicurazioni,cattolica-assicurazioni
Tech Data,tech-data
Tractor Supply,tractor-supply
Hiroshima Bank,hiroshima-bank
Semen Indonesia,semen-indonesia
Tobu Railway,tobu-railway
Crown Holdings,crown-holdings
Banca Popolare di Milano,banca-popolare-di-milano
Gunma Bank,gunma-bank
Franshion Properties (China),franshion-properties-(china)
Cliffs Natural Resources,cliffs-natural-resources
China Communications Services,china-communications-services
Alaska Air Group,alaska-air-group
Bank Muscat,bank-muscat
JB Hunt Transport,jb-hunt-transport
Nabors Industries,nabors-industries
SNC-Lavalin Group,snc-lavalin-group
Federal Grid of UES,federal-grid-of-ues
SK Networks,sk-networks
NCR,ncr
Bank Audi,bank-audi
Central Bank of India,central-bank-of-india
Masco,masco
BS Financial Group,bs-financial-group
CorpBanca,corpbanca
China National Materials,china-national-materials
Maanshan Iron & Steel,maanshan-iron-&-steel
G4S,g4s
Twitter,twitter
Liberbank,liberbank
First Niagara Financial,first-niagara-financial
Thomas Cook Group,thomas-cook-group
Grupo Elektra,grupo-elektra
Netflix,netflix
Petrovietnam Gas,petrovietnam-gas
Sumitomo Rubber,sumitomo-rubber
Yandex NV,yandex-nv
Aareal Bank,aareal-bank
Banco BPI,banco-bpi
China Gezhouba,china-gezhouba
JC Penney,jc-penney
Aurizon Holdings,aurizon-holdings
Banca CARIGE,banca-carige
Tesla Motors,tesla-motors
Israel Discount Bank,israel-discount-bank
A2A,a2a
Blom Bank,blom-bank
Huntsman,huntsman
JTEKT,jtekt
Waters,waters
E.Sun Financial,e.sun-financial
Almarai,almarai
BOE Technology Group,boe-technology-group
SL Green Realty,sl-green-realty
Banrisul,banrisul
Equity Assurance,equity-assurance
Juroku Bank,juroku-bank
Ruentex Industries,ruentex-industries
Atco,atco
Salzgitter,salzgitter
Ashikaga Holdings,ashikaga-holdings
Ziggo,ziggo
Bolsas & Mercados,bolsas-&-mercados
Thanachart Capital,thanachart-capital
Brilliance China Automotive Holdings,brilliance-china-automotive-holdings
Halyk Bank,halyk-bank
ARM Holdings,arm-holdings
ProSiebenSat1 Media,prosiebensat1-media
Hyundai Hysco,hyundai-hysco
Shionogi & Co.,shionogi-&-co.
Sega Sammy Holdings,sega-sammy-holdings
WABCO Holdings,wabco-holdings
Imperial Holdings,imperial-holdings
Senshu Ikeda Holdings,senshu-ikeda-holdings
Hugo Boss,hugo-boss
Magnitogorsk Iron & Steel,magnitogorsk-iron-&-steel
Nanto Bank,nanto-bank
ASM International N.V.,asm-international-n.v.
Emirates Integrated Telecom,emirates-integrated-telecom
BayWa,baywa
Affiliated Managers Group,affiliated-managers-group
IDB Holding,idb-holding
China Agri-Industries,china-agri-industries
Qatar Islamic Bank,qatar-islamic-bank
LinkedIn,linkedin
Lindt & Sprungli,lindt-&-sprungli
PBF Energy,pbf-energy
Hyakugo Bank,hyakugo-bank
Pacific Rubiales Energy,pacific-rubiales-energy
Far Eastern New Century,far-eastern-new-century
Reliance Steel,reliance-steel
Ayala,ayala
CJ Cheiljedang,cj-cheiljedang
Polyus Gold International,polyus-gold-international
Pinnacle West,pinnacle-west
BOK Financial,bok-financial
Hudson City Bancorp,hudson-city-bancorp
Guaranty Trust Bank,guaranty-trust-bank
Ogaki Kyoritsu Bank,ogaki-kyoritsu-bank
Gansu Jiu Steel Group Hongxing Iron & Steel,gansu-jiu-steel-group-hongxing-iron-&-steel
Realogy Holdings,realogy-holdings
Daishi Bank,daishi-bank
Kansas City Southern,kansas-city-southern
Alinma Bank,alinma-bank
Shiga Bank,shiga-bank
Suruga Bank,suruga-bank
Royal Boskalis,royal-boskalis
SQM,sqm
Toho Bank,toho-bank
Aboitiz Equity Ventures,aboitiz-equity-ventures
McCormick & Co,mccormick-&-co
Jabil Circuit,jabil-circuit
Dick's Sporting Goods,dick's-sporting-goods
Murphy USA,murphy-usa
Varian Medical Systems,varian-medical-systems
Hainan Airlines,hainan-airlines
MeadWestvaco,meadwestvaco
Banca Popolare di Sondrio,banca-popolare-di-sondrio
Indian Bank,indian-bank
Honbridge Holdings,honbridge-holdings
Umicore,umicore
Abu Dhabi Islamic Bank,abu-dhabi-islamic-bank
Orient,orient
VeriSign,verisign
Great Wall Technology,great-wall-technology
CVR Energy,cvr-energy
Hellenic Petroleum,hellenic-petroleum
Balfour Beatty,balfour-beatty
Bilfinger,bilfinger
Monster Beverage,monster-beverage
SpareBank 1 SR-Bank,sparebank-1-sr-bank
Taiwan Business Bank,taiwan-business-bank
Indian Overseas Bank,indian-overseas-bank
Nine Entertainment Co. Holdings Pty,nine-entertainment-co.-holdings-pty
Chinese Estates,chinese-estates
Basler Kantonalbank,basler-kantonalbank
Commercial International Bank,commercial-international-bank
East West Bancorp,east-west-bancorp
Gannett,gannett
Credito Emiliano,credito-emiliano
Illumina,illumina
Nelnet,nelnet
SVB Financial Group,svb-financial-group
Church & Dwight,church-&-dwight
LG Uplus,lg-uplus
Credit Saison,credit-saison
Mercuries & Associates,mercuries-&-associates
Guangzhou Automobile Group Co. Ltd.,guangzhou-automobile-group-co.-ltd.
Hysan Development,hysan-development
Maxim Integrated Products,maxim-integrated-products
AGL Resources,agl-resources
Supervalu,supervalu
Avon Products,avon-products
OW Bunker,ow-bunker
Airgas,airgas
Herbalife,herbalife
Tokyo Electron,tokyo-electron
Shanghai Material Trading,shanghai-material-trading
GameStop Corp.,gamestop-corp.
Higo Bank,higo-bank
American Equity Investment,american-equity-investment
UGI,ugi
Tullow Oil,tullow-oil
Saudi Investment Bank,saudi-investment-bank
Millicom International,millicom-international
DCC,dcc
Tauron Group,tauron-group
Hanwa,hanwa
San-In Godo Bank,san-in-godo-bank
Ecobank Transnational Incorporated,ecobank-transnational-incorporated
Kaisa Group Holdings,kaisa-group-holdings
Hunan Valin Steel,hunan-valin-steel
Hyakujushi Bank,hyakujushi-bank
Corporation Bank,corporation-bank
Intouch Holdings,intouch-holdings
Arkema,arkema
Keiyo Bank,keiyo-bank
Outokumpu,outokumpu
Polaris Industries,polaris-industries
Citrix Systems,citrix-systems
Aurubis,aurubis
Tasnee,tasnee
China Aviation Oil,china-aviation-oil
Musashino Bank,musashino-bank
Ruentex Development,ruentex-development
RMB Holdings,rmb-holdings
Hokkaido Electric Power,hokkaido-electric-power
Signature Bank,signature-bank
NASDAQ OMX Group,nasdaq-omx-group
Bank of Queensland,bank-of-queensland
Interactive Brokers Group,interactive-brokers-group
Yunnan Baiyao Group,yunnan-baiyao-group
Cablevision Systems Corporation,cablevision-systems-corporation
Cheniere Energy,cheniere-energy
Allahabad Bank,allahabad-bank
Cabot Oil & Gas,cabot-oil-&-gas
NetDragon Websoft,netdragon-websoft
Doha Bank,doha-bank
Kagoshima Bank,kagoshima-bank
Inchcape,inchcape
Grupo Argos,grupo-argos
Gemalto,gemalto
Credito Valtellinese,credito-valtellinese
"Workday, Inc.","workday,-inc."
Erie Indemnity,erie-indemnity
Wing Hang Bank,wing-hang-bank
Verisk Analytics,verisk-analytics
Inventec,inventec
Saras,saras
Sealed Air,sealed-air
Japan Exchange Group,japan-exchange-group
B/E Aerospace,b/e-aerospace
Dean Foods,dean-foods
Sonae SGPS,sonae-sgps
Penske Automotive,penske-automotive
Empresa de Energia de Bogota,empresa-de-energia-de-bogota
WEG,weg
Hyprop Investments,hyprop-investments
Antero Resources,antero-resources
DGB Financial Group,dgb-financial-group
Guangdong Investment,guangdong-investment
Vertex Pharmaceuticals,vertex-pharmaceuticals
Parmalat,parmalat
Inner Mongolia Baotou Steel,inner-mongolia-baotou-steel
Pou Chen,pou-chen
Pandora,pandora
Banque Centrale Populaire,banque-centrale-populaire
Meritz Financial Group,meritz-financial-group
Peabody Energy,peabody-energy
President Chain Store,president-chain-store
LKQ,lkq
GS Engineering,gs-engineering
Lawson,lawson
Shimano,shimano
Japan Securities,japan-securities
Eutelsat Communications,eutelsat-communications
IKB Deutsche,ikb-deutsche
Whiting Petroleum,whiting-petroleum
Denbury Resources,denbury-resources
Catlin Group,catlin-group
Vietin Bank,vietin-bank
Concho Resources,concho-resources
Signet Jewelers,signet-jewelers
King Digital Entertainment,king-digital-entertainment
UCO Bank,uco-bank
Gungho Online Entertainment,gungho-online-entertainment
OGE Energy,oge-energy
TPK Holding,tpk-holding
People's United Financial,people's-united-financial
Tsingtao Brewery,tsingtao-brewery
WPG Holdings,wpg-holdings
Yuexiu Property Co.,yuexiu-property-co.
Shiseido,shiseido
First Pacific,first-pacific
Microchip Technology,microchip-technology
CareFusion,carefusion
Hokkoku Bank,hokkoku-bank
Pang Da Automobile Trade,pang-da-automobile-trade
CC Media Holdings,cc-media-holdings
Oriental Bank of Commerce,oriental-bank-of-commerce
Integrys Energy Group,integrys-energy-group
Bank of Nagoya,bank-of-nagoya
Taiheiyo Cement,taiheiyo-cement
ICAP,icap
Financial Street Holdings,financial-street-holdings
Luzerner Kantonalbank,luzerner-kantonalbank
Air Canada,air-canada
Babcock International Group,babcock-international-group
Fraport,fraport
DVB Bank,dvb-bank
Volksbank,volksbank
Yang Quan Coal Industry,yang-quan-coal-industry
St Galler Kantonalbank,st-galler-kantonalbank
Yuanta Financial Holding,yuanta-financial-holding
Metcash,metcash
Bank of Iwate,bank-of-iwate
Orkla,orkla
Tim Hortons,tim-hortons
Alliant Energy,alliant-energy
Dixons Retail,dixons-retail
NSK,nsk
Ackermans & van Haaren,ackermans-&-van-haaren
Bank Danamon Indonesia,bank-danamon-indonesia
InterContinental Hotels,intercontinental-hotels
Ingredion,ingredion
Tosoh,tosoh
NHPC,nhpc
Symetra Financial,symetra-financial
FIBI Holdings,fibi-holdings
SBI Holdings,sbi-holdings
Laurentian Bank,laurentian-bank
LS Corp,ls-corp
BEKB-BCBE,bekb-bcbe
City National,city-national
Hero Motocorp,hero-motocorp
CST Brands,cst-brands
Aryzta,aryzta
Edwards Lifesciences,edwards-lifesciences
New Media Investment Group,new-media-investment-group
Pall,pall
Silver Wheaton,silver-wheaton
DSV,dsv
Amdocs,amdocs
EMS-Chemie Holding,ems-chemie-holding
Securitas,securitas
Hanjin Shipping,hanjin-shipping
Newcrest Mining,newcrest-mining
Yamanashi Chuo Bank,yamanashi-chuo-bank
Kesko,kesko
Andritz,andritz
Frontier Communications,frontier-communications
Oita Bank,oita-bank
Tongling Nonferrous Metals,tongling-nonferrous-metals
Kimberly-Clark de Mexico,kimberly-clark-de-mexico
Kuwait Projects,kuwait-projects
Packaging Corp of America,packaging-corp-of-america
Valiant Holding,valiant-holding
Daelim Industrial,daelim-industrial
Brunswick,brunswick
Motor Oil,motor-oil
Alliance Global Group,alliance-global-group
Hanesbrands,hanesbrands
Wanhua Chemical Group,wanhua-chemical-group
NCC Group,ncc-group
Akamai Technologies,akamai-technologies
Awa Bank,awa-bank
Icade,icade
Sinomach Automobile,sinomach-automobile
Sichuan Changhong Electric,sichuan-changhong-electric
Towers Watson & Co.,towers-watson-&-co.
Hanwha Chemical,hanwha-chemical
Acer,acer
GPT Group,gpt-group
Aichi Bank,aichi-bank
Total Access Communication,total-access-communication
Makita,makita
OSRAM Licht,osram-licht
Nippon Steel Trading,nippon-steel-trading
Jindal Steel & Power,jindal-steel-&-power
Hyundai Wia,hyundai-wia
Toho Holdings,toho-holdings
Vopak,vopak
China Fortune Land Development,china-fortune-land-development
Stericycle,stericycle
Shangri-La Asia,shangri-la-asia
Range Resources,range-resources
Western Refining,western-refining
Sydbank,sydbank
New Hope Liuhe,new-hope-liuhe
Toyota Boshoku,toyota-boshoku
Joy Global,joy-global
Shui On Land,shui-on-land
TPV Technology,tpv-technology
Shandong Iron and Steel,shandong-iron-and-steel
Caixa Economica Montepio Geral,caixa-economica-montepio-geral
Inotera Memories,inotera-memories
Konica Minolta,konica-minolta
Jaccs,jaccs
Oceaneering International,oceaneering-international
TripAdvisor,tripadvisor
American Natl Ins,american-natl-ins
Andhra Bank,andhra-bank
Grasim Industries,grasim-industries
Windstream,windstream
Tomony Holdings,tomony-holdings
Clariant,clariant
Teradata,teradata
Fuji Electric,fuji-electric
Admiral Group plc,admiral-group-plc
URS,urs
Oshkosh,oshkosh
FMC,fmc
Prysmian,prysmian
JSW Steel,jsw-steel
Yunnan Yuntianhua,yunnan-yuntianhua
Meiji Holdings,meiji-holdings
Odakyu Electric Railway,odakyu-electric-railway
Arab Banking,arab-banking
Pakistan State Oil,pakistan-state-oil
Shikoku Bank,shikoku-bank
Cameco,cameco
BMCE Bank,bmce-bank
Synovus Financial,synovus-financial
Equifax,equifax
UNY Group Holdings,uny-group-holdings
